{
  "age": {
    "dtype": "int64",
    "min": 23.0,
    "max": 62.0,
    "mean": 37.749,
    "null_count": 0
  },
  "annual_income": {
    "dtype": "float64",
    "min": 25020.05,
    "max": 33772627.49,
    "mean": 774004.8909271429,
    "null_count": 0
  },
  "cibil_score": {
    "dtype": "int64",
    "min": 464.0,
    "max": 900.0,
    "mean": 663.0382857142857,
    "null_count": 0
  },
  "foir": {
    "dtype": "float64",
    "min": 0.1,
    "max": 0.9,
    "mean": 0.3356733714285714,
    "null_count": 0
  },
  "dti_ratio": {
    "dtype": "float64",
    "min": 0.1014,
    "max": 20.2946,
    "mean": 1.2951313857142857,
    "null_count": 0
  },
  "loan_to_income_ratio": {
    "dtype": "float64",
    "min": 0.0019,
    "max": 80.0028,
    "mean": 4.062275657142857,
    "null_count": 0
  },
  "enquiry_count_6m": {
    "dtype": "int64",
    "min": 0.0,
    "max": 7.0,
    "mean": 0.737,
    "null_count": 0
  },
  "dpd_30_count": {
    "dtype": "int64",
    "min": 0.0,
    "max": 7.0,
    "mean": 0.5451428571428572,
    "null_count": 0
  },
  "dpd_90_count": {
    "dtype": "int64",
    "min": 0.0,
    "max": 3.0,
    "mean": 0.09157142857142857,
    "null_count": 0
  },
  "written_off_loans": {
    "dtype": "int64",
    "min": 0.0,
    "max": 1.0,
    "mean": 0.015285714285714286,
    "null_count": 0
  },
  "settled_loans": {
    "dtype": "int64",
    "min": 0.0,
    "max": 2.0,
    "mean": 0.03428571428571429,
    "null_count": 0
  },
  "existing_loan_count": {
    "dtype": "int64",
    "min": 0.0,
    "max": 8.0,
    "mean": 1.46,
    "null_count": 0
  },
  "work_experience_years": {
    "dtype": "float64",
    "min": 0.5,
    "max": 39.5,
    "mean": 8.124628571428572,
    "null_count": 0
  },
  "current_employer_tenure_yrs": {
    "dtype": "float64",
    "min": 0.5,
    "max": 10.0,
    "mean": 3.278057142857143,
    "null_count": 0
  },
  "credit_card_spend_monthly": {
    "dtype": "float64",
    "min": 2412.06,
    "max": 6087984.49,
    "mean": 101040.53369714286,
    "null_count": 0
  },
  "savings_balance": {
    "dtype": "float64",
    "min": 2326.3,
    "max": 10404203.8,
    "mean": 140390.69625285716,
    "null_count": 0
  },
  "loan_amount_requested": {
    "dtype": "float64",
    "min": 10000.0,
    "max": 30000000.0,
    "mean": 2036371.0,
    "null_count": 0
  },
  "loan_tenure_months": {
    "dtype": "int64",
    "min": 12.0,
    "max": 240.0,
    "mean": 60.21942857142857,
    "null_count": 0
  },
  "credit_utilization": {
    "dtype": "float64",
    "min": 0.0589,
    "max": 1.0,
    "mean": 0.26144435714285713,
    "null_count": 0
  },
  "age_at_maturity": {
    "dtype": "int64",
    "min": 24.0,
    "max": 79.0,
    "mean": 42.760714285714286,
    "null_count": 0
  },
  "income_type_enc": {
    "dtype": "int64",
    "min": 0.0,
    "max": 3.0,
    "mean": 0.7031428571428572,
    "null_count": 0
  },
  "employer_category_enc": {
    "dtype": "int64",
    "min": 0.0,
    "max": 4.0,
    "mean": 1.9817142857142858,
    "null_count": 0
  },
  "loan_type_enc": {
    "dtype": "int64",
    "min": 0.0,
    "max": 6.0,
    "mean": 1.872142857142857,
    "null_count": 0
  },
  "city_tier": {
    "dtype": "int64",
    "min": 1.0,
    "max": 3.0,
    "mean": 1.9057142857142857,
    "null_count": 0
  },
  "gender_enc": {
    "dtype": "int64",
    "min": 0.0,
    "max": 2.0,
    "mean": 0.4097142857142857,
    "null_count": 0
  },
  "min_cibil_score": {
    "dtype": "int64",
    "min": 583.0,
    "max": 723.0,
    "mean": 679.4722222222222,
    "null_count": 0
  },
  "max_foir": {
    "dtype": "float64",
    "min": 0.5544,
    "max": 0.8499,
    "mean": 0.6645416666666667,
    "null_count": 0
  },
  "min_annual_income": {
    "dtype": "float64",
    "min": 104421.63,
    "max": 399222.23,
    "mean": 215850.98305555555,
    "null_count": 0
  },
  "approval_base_rate": {
    "dtype": "float64",
    "min": 0.2577,
    "max": 0.688,
    "mean": 0.42034166666666656,
    "null_count": 0
  },
  "disbursal_speed_days": {
    "dtype": "int64",
    "min": 1.0,
    "max": 35.0,
    "mean": 10.972222222222221,
    "null_count": 0
  },
  "interest_rate_min": {
    "dtype": "float64",
    "min": 8.09,
    "max": 20.65,
    "mean": 11.802222222222222,
    "null_count": 0
  },
  "interest_rate_max": {
    "dtype": "float64",
    "min": 10.05,
    "max": 34.01,
    "mean": 18.94,
    "null_count": 0
  },
  "max_enquiries_6m": {
    "dtype": "int64",
    "min": 2.0,
    "max": 8.0,
    "mean": 4.027777777777778,
    "null_count": 0
  },
  "max_loan_amount": {
    "dtype": "float64",
    "min": 285922.37,
    "max": 22752179.6,
    "mean": 8136363.678611111,
    "null_count": 0
  },
  "min_loan_amount": {
    "dtype": "float64",
    "min": 5000.0,
    "max": 500000.0,
    "mean": 83611.11111111111,
    "null_count": 0
  },
  "bank_type_enc": {
    "dtype": "int64",
    "min": 0.0,
    "max": 4.0,
    "mean": 1.6666666666666667,
    "null_count": 0
  },
  "risk_appetite_enc": {
    "dtype": "int64",
    "min": 0.0,
    "max": 2.0,
    "mean": 1.1666666666666667,
    "null_count": 0
  },
  "documentation_strictness_enc": {
    "dtype": "int64",
    "min": 0.0,
    "max": 2.0,
    "mean": 0.9444444444444444,
    "null_count": 0
  },
  "cibil_gap": {
    "dtype": "float64",
    "min": -259.0,
    "max": 317.0,
    "mean": -16.433936507936508,
    "null_count": 0
  },
  "foir_headroom": {
    "dtype": "float64",
    "min": -0.3456,
    "max": 0.7499,
    "mean": 0.32886829523809524,
    "null_count": 0
  },
  "income_headroom": {
    "dtype": "float64",
    "min": -374202.18,
    "max": 33668205.86,
    "mean": 558153.9078715873,
    "null_count": 0
  },
  "income_headroom_ratio": {
    "dtype": "float64",
    "min": -0.9373280140236679,
    "max": 322.42559190083506,
    "mean": 2.9585723204431273,
    "null_count": 0
  },
  "amount_fit_flag": {
    "dtype": "int64",
    "min": 0.0,
    "max": 1.0,
    "mean": 0.752718253968254,
    "null_count": 0
  },
  "amount_position": {
    "dtype": "float64",
    "min": 0.0,
    "max": 1.0,
    "mean": 0.3403393868773949,
    "null_count": 0
  },
  "income_type_match": {
    "dtype": "int64",
    "min": 0.0,
    "max": 1.0,
    "mean": 0.8881111111111111,
    "null_count": 0
  },
  "loan_type_match": {
    "dtype": "int64",
    "min": 0.0,
    "max": 1.0,
    "mean": 0.7612222222222222,
    "null_count": 0
  },
  "geography_match": {
    "dtype": "int64",
    "min": 0.0,
    "max": 1.0,
    "mean": 0.7448412698412699,
    "null_count": 0
  },
  "bureau_fatigue_flag": {
    "dtype": "int64",
    "min": 0.0,
    "max": 1.0,
    "mean": 0.015492063492063493,
    "null_count": 0
  },
  "bureau_fatigue_excess": {
    "dtype": "float64",
    "min": 0.0,
    "max": 5.0,
    "mean": 0.021115079365079364,
    "null_count": 0
  },
  "cibil_in_sweet_spot": {
    "dtype": "int64",
    "min": 0.0,
    "max": 1.0,
    "mean": 0.15651984126984128,
    "null_count": 0
  },
  "cibil_vs_sweet_spot_dist": {
    "dtype": "float64",
    "min": 0.0,
    "max": 349.5,
    "mean": 98.46562698412698,
    "null_count": 0
  },
  "age_maturity_headroom": {
    "dtype": "float64",
    "min": -19.0,
    "max": 51.0,
    "mean": 23.40595238095238,
    "null_count": 0
  },
  "dpd90_exceeds_bank_max": {
    "dtype": "int64",
    "min": 0.0,
    "max": 1.0,
    "mean": 0.04982142857142857,
    "null_count": 0
  },
  "application_sequence_num": {
    "dtype": "int64",
    "min": 0.0,
    "max": 28.0,
    "mean": 0.9478253968253968,
    "null_count": 0
  },
  "days_since_first_application": {
    "dtype": "int64",
    "min": 1.0,
    "max": 5.0,
    "mean": 2.996714285714286,
    "null_count": 0
  },
  "enquiry_velocity_weekly": {
    "dtype": "float64",
    "min": 0.0,
    "max": 0.2692,
    "mean": 0.02835418571428571,
    "null_count": 0
  },
  "is_reapplication": {
    "dtype": "int64",
    "min": 0.0,
    "max": 1.0,
    "mean": 0.11621428571428571,
    "null_count": 0
  }
}