{
  "version": "v1",
  "run_id": "3464e6350a2c4b32a0d8474f0ee602ed",
  "run_name": "xgb_tuned_20260611_150211",
  "training_date": "20260611_150211",
  "model_type": "XGBClassifier",
  "objective": "binary:logistic",
  "best_iteration": 102,
  "tuned": true,
  "tuning_study_run_id": "1522346472cd48c28fcfb12d3d1fc4e8",
  "best_cv_ndcg3": 0.895942,
  "n_leads_train": 7000,
  "n_leads_val": 1500,
  "n_leads_test": 1500,
  "n_features_input": 57,
  "n_features_transformed": 76,
  "train_conversion_rate": 0.1056,
  "scale_pos_weight": 5.8268,
  "best_params": {
    "max_depth": 3,
    "learning_rate": 0.1971158679278981,
    "n_estimators": 314,
    "min_child_weight": 8,
    "subsample": 0.6864109966332064,
    "colsample_bytree": 0.7161078633440152,
    "gamma": 1.7424272012739137,
    "reg_alpha": 1.0411454019142314,
    "reg_lambda": 1.2631168822448835,
    "scale_pos_weight": 5.826800108524851
  },
  "val_metrics": {
    "auc_roc": 0.989464,
    "f1_class1": 0.89164,
    "precision_class1": 0.804469,
    "recall_class1": 1.0,
    "ndcg_at_1": 0.886525,
    "recall_at_1": 0.886525,
    "ndcg_at_3": 0.895942,
    "recall_at_3": 0.995272,
    "ndcg_at_5": 0.903177,
    "recall_at_5": 1.0,
    "mrr": 0.939401
  },
  "test_metrics": {
    "auc_roc": 0.989972,
    "f1_class1": 0.889613,
    "precision_class1": 0.801403,
    "recall_class1": 0.999643,
    "ndcg_at_1": 0.871795,
    "recall_at_1": 0.871795,
    "ndcg_at_3": 0.883643,
    "recall_at_3": 0.995116,
    "ndcg_at_5": 0.897674,
    "recall_at_5": 1.0,
    "mrr": 0.931359
  },
  "threshold_checks_test": {
    "auc_roc": true,
    "ndcg_at_3": true,
    "recall_at_3": true,
    "mrr": true,
    "f1_class1": true
  },
  "saved_at": "2026-06-11T15:02:40.076785+00:00",
  "model_file": "xgb_model.ubj",
  "preprocessor_file": "preprocessor.pkl"
}