{
  "version": "v1",
  "run_id": "833c79d21f154414b9a7ca41722590a7",
  "run_name": "xgb_pointwise_20260609_135700",
  "training_date": "20260609_135700",
  "model_type": "XGBClassifier",
  "objective": "binary:logistic",
  "best_iteration": 374,
  "n_leads_train": 7000,
  "n_leads_val": 1500,
  "n_leads_test": 1500,
  "n_features_input": 57,
  "n_features_transformed": 76,
  "train_conversion_rate": 0.1056,
  "scale_pos_weight": 8.4676,
  "val_metrics": {
    "auc_roc": 0.989264,
    "f1_class1": 0.891774,
    "precision_class1": 0.804686,
    "recall_class1": 1.0,
    "ndcg_at_1": 0.881797,
    "recall_at_1": 0.881797,
    "ndcg_at_3": 0.895041,
    "recall_at_3": 0.995272,
    "ndcg_at_5": 0.90369,
    "recall_at_5": 1.0,
    "mrr": 0.936958
  },
  "test_metrics": {
    "auc_roc": 0.990042,
    "f1_class1": 0.89002,
    "precision_class1": 0.802179,
    "recall_class1": 0.999464,
    "ndcg_at_1": 0.858364,
    "recall_at_1": 0.858364,
    "ndcg_at_3": 0.880168,
    "recall_at_3": 0.992674,
    "ndcg_at_5": 0.895301,
    "recall_at_5": 1.0,
    "mrr": 0.923423
  },
  "threshold_checks_test": {
    "auc_roc": true,
    "ndcg_at_3": true,
    "recall_at_3": true,
    "mrr": true,
    "f1_class1": true
  },
  "top10_feature_importance": {
    "f51": 0.73872,
    "f40": 0.142443,
    "f46": 0.034008,
    "f44": 0.024268,
    "f47": 0.023855,
    "f45": 0.015829,
    "f30": 0.006457,
    "f71": 0.0006,
    "f31": 0.000535,
    "f53": 0.000458
  },
  "saved_at": "2026-06-09T13:57:12.300126+00:00",
  "model_file": "xgb_model.ubj",
  "preprocessor_file": "preprocessor.pkl"
}